"ABC_2013_04_15_1.txt,3EKZL9T8Y8HPHCGSFZLEYVBPX0ICHN"
"ABC_2013_04_15_1.txt,3EN4YVUOUCN9BGMDUVKMOLCEBAAJX1"
"ABC_2013_04_15_10.txt,385MDVINFCAUMGHNKQO0M2Y729FWJY"
"ABC_2013_04_15_10.txt,3E22YV8GG110LXB7N22XNF7SIX0PNL"
"ABC_2013_04_15_10.txt,3KTCJ4SCVGWRMN75QZC7940UARI1MR"
"ABC_2013_04_15_10.txt,3UQ1LLR26A33AT2KM64LKSE8EGYLAX"
"ABC_2013_04_15_2.txt,3DIIW4IV8PQMI3EXS2XHF90G50G4IV"
"ABC_2013_04_15_2.txt,3SZYX62S5GV7P211NGCUTCGLRG0758"
"ABC_2013_04_15_3.txt,31MBOZ6PAOMR38ZI6K0CQN4WEHRCLU"
"ABC_2013_04_15_3.txt,3KI0JD2ZU1D3861FSZMZLIULNBB76O"
"ABC_2013_04_15_4.txt,3CMIQF80GNLDEO6UOYV5L9BGS2F6QZ"
"ABC_2013_04_15_4.txt,3L84EBDQ37XY20TODX59Z64PUSPKKA"
"ABC_2013_04_15_5.txt,3BJKPTD2QC7JSNW6XQSY19DZ8WRRTV"
"ABC_2013_04_15_5.txt,3L55D8AUFASB376HPZP2KV6SNYPCYK"
"ABC_2013_04_15_6.txt,38LRF35D5LR69YQTM5HCO7WLLWJ3UV"
"ABC_2013_04_15_6.txt,3TL87MO8CMKY6KJSXMQDYTPZBWDFL6"
"ABC_2013_04_15_7.txt,3CVDZS288HVIC21DXYRSY64OB13FM8"
"ABC_2013_04_15_7.txt,3J5XXLQDHM66MDFTRVRHKTY4Z3S3VK"
"ABC_2013_04_15_8.txt,335VBRURDJVBZ4INDE3HB2D4Z0ZE96"
"ABC_2013_04_15_8.txt,372AGES0I40Q945Q20TVQCY5LTYRXZ"
"ABC_2013_04_15_9.txt,3M0556243SFOUKMD9Z6SBLTOGRDFN8"
"ABC_2013_04_15_9.txt,3S4TINXCC0IGZOA95CK97K28R28BOH"
"ABC_2013_04_16_1.txt,360ZO6N6J1E9BSA0UCR0OAID83Y9M0"
"ABC_2013_04_16_1.txt,3M7OI89LVYJ9KNWBJGUA14MZOPBC61"
"ABC_2013_04_16_2.txt,359AP8GAGGFSONAG2QZ27IMVJ0VC70"
"ABC_2013_04_16_2.txt,3G5RUKN2ECYFTAV06D601P7DDT89N0"
"ABC_2013_04_16_3.txt,3LXX8KJXPW4XBVVC7S6DGE7I33D9OF"
"ABC_2013_04_16_3.txt,3S1WOPCJFGO05GVWZQUU0WR7V78JE7"
"ABC_2013_04_16_4.txt,37M4O367VJDQA58ORMEJCUDBM84M5D"
"ABC_2013_04_16_4.txt,3KQC8JMJGCN14CK9M6AD5S7VRPPH3I"
"ABC_2013_04_16_5.txt,3FW4EL5A3LJ844L8ZLT1ZEW1WTW221"
"ABC_2013_04_16_5.txt,3M93N4X8HKI1FZ0E0LEZPDVMWXSJSH"
"ABC_2013_04_16_6.txt,35U0MRQMUJ2V828FATB98WWFUVWOVA"
"ABC_2013_04_16_6.txt,3Z56AA6EK4VMT982W5OO40RBI3FM6T"
"ABC_2013_04_16_7.txt,3LXX8KJXPW4XBVVC7S6DGE7I3429O6"
"ABC_2013_04_16_7.txt,3YKP7CX6G2A9EIIAOQ37WYGD1E67BX"
"ABC_2013_04_16_8.txt,37YYO3NWHDLY045CT77DN4E9KBMCCT"
"ABC_2013_04_16_8.txt,3I4E7AFQ2KU2UZDTPLJPZIR8YG6JT6"
"ABC_2013_04_16_9.txt,3H1C3QRA01EDX2PQPYD8DSEC5NZCEM"
"ABC_2013_04_16_9.txt,3P0I4CQYVY28NR8K03G5UYFT14YOWK"
"ABC_2013_04_17_1.txt,386T3MLZLNQCU9KJ0FYOQHGPLVL807"
"ABC_2013_04_17_1.txt,3IV1AEQ4DR8JWFL5MN8U8MVLK4UJ8S"
"ABC_2013_04_17_2.txt,3NSCTNUR2ZIP84ZZUJOE33IBSRW5AT"
"ABC_2013_04_17_2.txt,3PKVGQTFIHFF99V07WFX9Q5EN0RYRD"
"ABC_2013_04_17_3.txt,37SDSEDIN9XC1Y51WY2O4MZZQNR81A"
"ABC_2013_04_17_3.txt,3QGHA0EA0JVO4XJBWYBJOEFUU6OWBZ"
"ABC_2013_04_17_4.txt,362E9TQF2HL2UJ7HN3ZIOYXJV8FIGS"
"ABC_2013_04_17_4.txt,3X52SWXE0X07E2BHAY7EZYLCCROWC6"
"ABC_2013_04_18_1.txt,3421H3BM9ACJAK4FRFE88IQW4ACJ9H"
"ABC_2013_04_18_1.txt,3WUVMVA7OBYNFIJO17VUS7P6TQ4AZ5"
"ABC_2013_04_18_2.txt,38F60IALAGCVSTC73D9JHDCCZ89T0K"
"ABC_2013_04_18_2.txt,3J6BHNX0U9NZA6ERAAXPRYLTOOQNKG"
"ABC_2013_04_18_3.txt,35ZRNT9RUITBWT6WQJ53P14W3CCO3O"
"ABC_2013_04_18_3.txt,3OPLMF3EU5IAUCW9VA9Q6YY8DOVNLJ"
"ABC_2013_04_19_1.txt,32PT7WK7DMAKSWF70ARNE7SXZYO3DP"
"ABC_2013_04_19_1.txt,38O9DZ0A62IWM549MN54PRDDCY162P"
"ABC_2013_04_19_1.txt,3D4BBDG7ZHRAN49T0EWCU1AFEYC3CP"
"ABC_2013_04_19_1.txt,3M4KL7H8KVIPXKMD3J5QK838KSN618"
"ABC_2013_04_19_1.txt,3PKVGQTFIHFF99V07WFX9Q5EN09YRV"
"ABC_2013_04_19_2.txt,3J9L0X0VDFH5G44EYEXNX8K4663W97"
"ABC_2013_04_19_2.txt,3KI0JD2ZU1D3861FSZMZLIULNEN675"
"ABC_2013_04_19_2.txt,3KQC8JMJGCN14CK9M6AD5S7VRQH3HY"
"ABC_2013_04_19_2.txt,3NZ1E5QA6ZWURE4R0XOAYE2HA93B5G"
"ABC_2013_04_19_2.txt,3WPCIUYH1A3PRDD1FPXEWKWVTX1DTG"
"ABC_2013_04_19_3.txt,309D674SHZGFQZD6F7BICK8R2QPBCO"
"ABC_2013_04_19_3.txt,34R3P23QHSWYVAMXWQLFAPISPJBWHX"
"ABC_2013_04_19_3.txt,3538U0YQ1FPHQGT3RGMD27VIBB43F0"
"ABC_2013_04_19_3.txt,371DNNCG44XDAIHAYHMYASIUI648T5"
"ABC_2013_04_19_3.txt,3MDWE879UHXDS1633N1RAU7JW5MB97"
"ABC_2013_04_19_4.txt,31ANT7FQN8X4IR7D0PY6KP5F5MCH56"
"ABC_2013_04_19_5.txt,3X52SWXE0X07E2BHAY7EZYLCCRECWC"
"ABC_2013_04_19_6.txt,3B286OTISECXF3EKJLS84D1GATUJAY"
"ABC_2013_04_19_7.txt,3QO7EE372OIJK0NPKPCDWPX8669QBT"
"ABC_2013_04_20_1.txt,3HYV4299H0RBLZZD8MX3B6ITF49E8T"
"ABC_2013_04_20_2.txt,3VLL1PIENQJCHMDPBQ0CT29BIFRZOS"
"ABC_2013_04_20_3.txt,3W9XHF7WGKQX5JJB76J10XRLDEYTKP"
"ABC_2013_04_20_4.txt,3Z33IC0JC0HS1F4984SRB61QZ5B9V0"
"ABC_2013_04_20_5.txt,3OKP4QVBP2SNO1OJBF757090I97GA1"
"ABC_2013_04_20_6.txt,3YZ7A3YHR5OT80LTBJA5O3CHE67S5Y"
"ABC_2013_04_20_7.txt,3X0EMNLXEPKDT2KGPTOOXW154BNPV9"
"ABC_2013_04_20_8.txt,378G7J1SJLTMB0VV6PD9PMLFXE9EWB"
"ABC_2013_05_19_1.txt,3U74KRR67MGYDP4E4JBHSP8P72MTNZ"
"ABC_2013_05_19_2.txt,3JUDR1D0D6MPWNNT1WJ2VWU4C0DQ28"
"ABC_2013_05_19_3.txt,3SZYX62S5GV7P211NGCUTCGLRLX57D"
"ABC_2013_05_20_11.txt,378G7J1SJLTMB0VV6PD9PMLFY8ZEWQ"
"ABC_2013_05_20_2.txt,3M67TQBQQHJ89R1BX91VFJNDFRZA9I"
"ABC_2013_05_20_5.txt,3AJA9FLWSCTWGJBMCJT06DX7VXZFIJ"
"ABC_2013_05_20_5.txt,3T5ZXGO9DEJF2YQ5Q3SGI74BYDQZQC"
"ABC_2013_05_20_9.txt,3PN6H8C9R4LKCHES9P6X1F636CEADZ"
"ABC_2013_05_21_11.txt,37J05LC5AXEVDAHW3VJAUE9MWZAJDQ"
"ABC_2013_05_21_13.txt,3EHIMLB7F7UN59QFYN59W9F68G9H8D"
"ABC_2013_05_21_5.txt,3CVBMEMMXBBJ5VLWOID3I9JBXW3H7Q"
"ABC_2013_05_21_9.txt,34OWYT6U3WCNF9K99XT8WHBWSZ69IN"
"ABC_2013_05_22_1.txt,3JVP4ZJHDPN5JFWW91AF36A3O2YI0J"
"ABC_2013_05_22_2.txt,39I4RL8QGJCMM83DMKFWFXZ16UDH46"
"ABC_2013_05_22_3.txt,37PGLWGSJT17W530DUKXMQPC3THKIR"
"ABC_2013_05_22_3.txt,3RZS0FBRWK5HUTEGYCTJ74DGK0LPCH"
"ABC_2013_05_22_4.txt,335VBRURDJVBZ4INDE3HB2D406Z9EE"
"ABC_2013_05_22_5.txt,3MG8450X2O5DGNVGK3EJ1AZMRYAUPA"
"ABC_2013_05_23_1.txt,3FVBZG9CLJ95NKLC3JSU3U9OOF00H5"
"ABC_2013_05_23_2.txt,30OITAWPBQYNJE9P3FBNW5AHRJVH9Z"
"ABC_2013_05_24_1.txt,3X4Q1O9UBHHTXC7JSV8T2IGC8P37O3"
"ABC_2013_05_24_2.txt,3B6F54KMR27UKIKAAW8TLDZ03N1S1A"
"ABC_2013_05_24_3.txt,335HHSX8CD0ZM4M6FVGPI1T7J76HDJ"
"ABC_2013_06_10_1.txt,3T2HW4QDUV2W26Y9HNXMLED1ERRC9M"
"ABC_2013_06_10_2.txt,36BTXXLZ2V3ZB2HGIPRQT117S0IR4D"
"ABC_2013_06_12_1.txt,3WRBLBQ2GR3RNOQ1JDACIUXN9N5G0K"
"ABC_2013_08_22_1.txt,3LOJFQ4BOXAQOUNELGJMVT9ZAWKKDF"
"ABC_2013_08_22_2.txt,337F8MIIMZ8BB8XHOC8B950KJMO04H"
"ABC_2013_08_23_1.txt,3TY2U1TEB758GWHODR5LXC4Z0S6JJK"
"ABC_2013_08_23_2.txt,351S7I5UG9R4ZM89SPXDQJLG9CIJNV"
"ABC_2013_08_25_1.txt,3QMELQS6Y56DQPLU1DK5QZLLO3Q6R3"
"ABC_2013_08_25_2.txt,3D7VY91L65SSZLPXSW5WFGD3WK1MBL"
"ABC_2013_08_26_1.txt,32CAVSKPCEKAZVCEZ13T0EHONVHU18"
"ABC_2013_08_26_2.txt,3D17ECOUOEQQ01ZVKH7SD5ROAI031C"
"ABC_2013_08_27_1.txt,3S8APUMBJXEMTBXG691JKQTUZKXBFD"
"ABC_2013_08_27_2.txt,3GL25Y6843PZCOSYXSXE4D4VFOFXMX"
"ABC_2017_04_04_1.txt,31MCUE39BKHN4GPY20SVKSVUCAPG31"
"ABC_2017_04_04_1.txt,36AZSFEYZ4VBP8J66O6N2CWGNE9VB9"
"ABC_2017_04_04_2.txt,3DWGDA5POFZACA1E4RDYW0J7135V1F"
"ABC_2017_04_04_3.txt,3YZ7A3YHR5OT80LTBJA5O3CHEHA5S0"
"ABC_2017_04_05_1.txt,3VMV5CHJZ8AS3XNSHFYM25ZS67EGTQ"
"ABC_2017_04_05_1.txt,3WRAAIUSBJUYANJ90P79VM9VLA9XA2"
"ABC_2017_04_05_2.txt,39RRBHZ0AUW776MMC2MQOU3JEIPVZB"
"ABC_2017_04_05_3.txt,388CL5C1RJIIKGAYSCED1E1CRVMHL6"
"ABC_2017_04_05_4.txt,3LN50BUKPV6AXX8MBPMIAN33DMYPLL"
"ABC_2017_04_06_2.txt,3EKTG13IZUY4CUB9J9UQTJ988IBLMB"
"ABC_2017_04_06_3.txt,34XASH8KLQHU3FQ7B1NXA0ISDTFMPF"
"ABC_2017_04_06_4.txt,3V8JSVE8YYLQ05QVLQVXAJ6V8YNEYC"
"ABC_2017_04_06_5.txt,3OCZWXS7ZO264NQ3RAD4CHYMMR75LZ"
"ABC_2017_04_07_1.txt,35ZRNT9RUITBWT6WQJ53P14W3XI3OF"
"ABC_2017_04_07_2.txt,388FBO7JZROUUB38EPYG0604MQ2NYO"
"ABC_2017_04_07_3.txt,3KQC8JMJGCN14CK9M6AD5S7VRBOH3P"
"ABC_2017_04_09_1.txt,30EV7DWJTVQMNQXGF8CZYVEIRXEY6K"
"ABC_2017_04_09_2.txt,33J5JKFMK6TEH5JC5WX7E6ZWIXXQ35"
"ABC_2017_05_12_1.txt,30IRMPJWDZEKP46J3HE60IQ3P5VKRL"
"ABC_2017_05_12_2.txt,3YLPJ8OXX88J8Y3SROXIIJNVT0Y4XJ"
"ABC_2017_05_13_1.txt,3K3G488TR23HVK6GJFL0T3XGWT95QV"
"ABC_2017_05_13_2.txt,3HYV4299H0RBLZZD8MX3B6ITFHD8EH"
"ABC_2017_05_15_1.txt,3UXQ63NLAAH8T37CSK4HF3YEWMKLB5"
"ABC_2017_05_15_2.txt,37MQ8Z1JQERY5PEFS60W8IX6BWK2YN"
"ABC_2017_09_20_1.txt,3DA79LNS59QR9LB4M0R2JBAJ28AT38"
"ABC_2017_09_20_2.txt,30QQTY5GMKFOAHRGOHK21O81RR5U7E"
"ABC_2017_09_20_3.txt,3W0XM68YZPQWWZ725NZRUR8QME91KT"
"ABC_2017_09_21_2.txt,32PT7WK7DMAKSWF70ARNE7SX0NC3DS"
"ABC_2017_09_21_3.txt,3B6F54KMR27UKIKAAW8TLDZ037M1S8"
"ABC_2017_09_21_4.txt,3I4E7AFQ2KU2UZDTPLJPZIR8Z7HJT0"
"ABC_2017_09_22_1.txt,3S8A4GJRD3Y5JW2BAXPFRWAOALGV6N"
"ABC_2017_09_22_2.txt,3WA2XVDZEMCOHLGPF705RSM2ARPE6E"
"ABC_2017_09_22_3.txt,3S1WOPCJFGO05GVWZQUU0WR7WW3JEH"
"ABC_2017_09_22_4.txt,3UOMW19E6D1D1JWXEXK59Y8ZTKMC5O"
"ABC_2017_09_24_1.txt,3R5OYNIC2C4YGAGRKYO9WEDK742PTG"
"ABC_2017_09_24_2.txt,3DQYSJDTYL61000LGU9VR5ZM7UYXEZ"
"ABC_2017_09_24_3.txt,3A3KKYU7P3CKNON8NN1S2UQO7U5WMG"
"ABC_2017_09_25_1.txt,3GVPRXWRPHPJ1QWGU0VOILKQXU8I7G"
"ABC_2017_09_25_2.txt,31YWE12TE07GRLLBTMVPLV75L8NX78"
"ABC_2017_10_02_1.txt,3RQVKZ7ZRKEFQ5IE5XAWV5D989R27R"
"ABC_2017_10_02_10.txt,344M16OZKIAWO6MHEOMMT38O5QCNED"
"ABC_2017_10_02_11.txt,3XQ4XW3OD9719326T087QW95VMSS2Q"
"ABC_2017_10_02_12.txt,367O8HRHKG3BCHHTXERVJB63FYSS4M"
"ABC_2017_10_02_13.txt,3RBI0I35XEYNQ7AYW6E1RS2YINFY3G"
"ABC_2017_10_02_14.txt,3WJGKMRWVI485WBQT32O7AWR6AWDCR"
"ABC_2017_10_02_2.txt,3MQY1YVHS3F2SHL4IEMC07Z5R0Y2BV"
"ABC_2017_10_02_3.txt,3G57RS03HH00314VH4VZXLZDH1652L"
"ABC_2017_10_02_4.txt,3XUSYT70ITWOB4GAHN94C9UQXNP0DF"
"ABC_2017_10_02_5.txt,30Y6N4AHYPRCBY09B0SJW5VD6CHRDV"
"ABC_2017_10_02_6.txt,32TZXEA1OLFBIXIZKVCBNAJUPYG41F"
"ABC_2017_10_02_7.txt,3NI0WFPPI9BPQV1V701Q63KYG1306O"
"ABC_2017_10_02_8.txt,3VGZ74AYTGBBHGLHVT3WDVZOJ3SCGI"
"ABC_2017_10_02_9.txt,3TLFH2L6Y9J2O3FLI0DX015RX3C2TR"
"ABC_2017_10_03_2.txt,3RWB1RTQDJIFIQO3H0DE5IHXU2F8PV"
"ABC_2017_10_03_3.txt,306W7JMRYYTDEWNTYVVDAYC8DZI8BU"
"ABC_2017_10_03_4.txt,3CIS7GGG65E9JW6QBPY87Y0IDKHUEK"
"ABC_2017_10_03_5.txt,3DWGDA5POFZACA1E4RDYW0J72II1VT"
"ABC_2017_10_03_5.txt,3ZVPAMTJWNYFNIA0DQTR2QYAJ4PRGX"
"ABC_2017_10_03_6.txt,3E6L1VR4XWHGNZGLAIKB9A72M2HF6U"
"ABC_2017_10_03_7.txt,3PUV2Q8SV4ZPVRJKF36TWQQ9ON1BDJ"
"ABC_2017_10_03_8.txt,3FCO4VKOZ487LLUUYH5XX6MY5DW7EF"
"ABC_2017_10_04_1.txt,3IJ95K7NDX7U8KI8KJCAT6T0I6RGNN"
"ABC_2017_10_04_2.txt,3RWB1RTQDJIFIQO3H0DE5IHXU2E8PU"
"ABC_2017_10_04_3.txt,3J94SKDEKIKN6B2BETFGT4QHEV1D5E"
"ABC_2017_10_04_4.txt,3VEI3XUCZRSL0V3ZG9JEWZC2KVCRP1"
"ABC_2017_10_04_5.txt,36FQTHX3Z3MRDZHNME0HJH4XXDQ3BX"
"ABC_2017_10_04_6.txt,3OB6JN3A9QKFFS6MOTRMFVI7FNURMS"
"ABC_2017_10_04_7.txt,30P8I9JKOIG90S2X5EFAZQWOE23V5T"
"ABC_2017_10_04_9.txt,33W1NHWFYHGSUEIX77MBNCFYIE5ZTU"
"ABC_2017_10_05_1.txt,3FHTJGYT8NVUB5UL0YP2XVYVIJ4PG0"
"ABC_2017_10_05_2.txt,3PMR2DOWOOWA6FJILIENQ0WB1F254H"
"ABC_2017_10_05_3.txt,3IJ95K7NDX7U8KI8KJCAT6T0I4VGNN"
"ABC_2017_10_05_4.txt,3NZ1E5QA6ZWURE4R0XOAYE2HB8ZB5B"
"ABC_2017_10_05_5.txt,3EKZL9T8Y8HPHCGSFZLEYVBPY35CHH"
"ABC_2017_10_06_1.txt,371Q3BEXDH4RFE5II7HLD7JCGVRZS5"
"ABC_2017_10_06_2.txt,35O6H0UNLSB09X23OP1RW2LUJD75JP"
"ABC_2017_10_06_3.txt,32FESTC2NHLUMYMCFYSDHA0FS8UUCH"
"ABC_2017_10_06_4.txt,3FI30CQHVKEQAI455GYFQKGH71E6BM"
"FOX_2013_04_15_10.txt,3VADEH0UHCSX1A3CVYJJM9HY6YJPSD"
"FOX_2013_04_15_11.txt,3VMV5CHJZ8AS3XNSHFYM25ZS7ROTGI"
"FOX_2013_04_15_13.txt,3J9L0X0VDFH5G44EYEXNX8K47899WV"
"FOX_2013_04_15_15.txt,32FESTC2NHLUMYMCFYSDHA0FSDIUCF"
"FOX_2013_04_15_17.txt,3X878VYTIEDZRZUQTSP3FO7YHFV7FJ"
"FOX_2013_04_15_19.txt,3GL25Y6843PZCOSYXSXE4D4VG8AMXM"
"FOX_2013_04_15_2.txt,3ZG552ORAMZH1VJANVDC1JTCUT02VP"
"FOX_2013_04_15_20.txt,3K2CEDRACBWSV7JESIWHFAJP3D0TMQ"
"FOX_2013_04_15_21.txt,30Y6N4AHYPRCBY09B0SJW5VD6EDRDV"
"FOX_2013_04_15_22.txt,309D674SHZGFQZD6F7BICK8R3SUCBZ"
"FOX_2013_04_15_23.txt,34HEO7RUG6PEDRXXRQ1H64N7LBTRA6"
"FOX_2013_04_15_25.txt,373L46LKP713RGN6VC5XYR4CG6CJK4"
"FOX_2013_04_15_26.txt,3WYZV0QBFJ83TXO16375QXT1496XB8"
"FOX_2013_04_15_27.txt,3HO4MYYR12J56HDB57FAVA85WTP6UL"
"FOX_2013_04_15_4.txt,3MQKOF1EE2JHJUHVAU2PJ43UYT5WDG"
"FOX_2013_04_15_6.txt,3GVPRXWRPHPJ1QWGU0VOILKQX8E7I3"
"FOX_2013_04_15_7.txt,329E6HTMSWXS62LHSRDAIKNNK983KU"
"FOX_2013_04_15_8.txt,3UZUVSO3P7QQ6O1H2N7MGOJO03BEMJ"
"FOX_2013_04_16_10.txt,3JAOYN9IHLXMA4DA7LLB1Y6L9N7334"
"FOX_2013_04_16_10.txt,3NBFJK3IOHDCQ5IKLYCN8VT58J5GOH"
"FOX_2013_04_16_11.txt,3UOMW19E6D1D1JWXEXK59Y8ZTXZ5CK"
"FOX_2013_04_16_13.txt,3J6BHNX0U9NZA6ERAAXPRYLTPP5KNV"
"FOX_2013_04_16_14.txt,3UEBBGULPFJ1PA6M60IEPGLIPQAUFQ"
"FOX_2013_04_16_15.txt,3538U0YQ1FPHQGT3RGMD27VICDE3FF"
"FOX_2013_04_16_16.txt,3LVTFB9DE5DFBHV00B4RX0O5NKNGQP"
"FOX_2013_04_16_17.txt,382GHPVPHSM7S0WE7ZQUB3YRNN334P"
"FOX_2013_04_16_18.txt,3JU8CV4BRL7I3IBJOH2A247X9A9OPA"
"FOX_2013_04_16_2.txt,3PZDSVZ3J5CEW4POPIA9KHWXS3FN48"
"FOX_2013_04_16_3.txt,3LXX8KJXPW4XBVVC7S6DGE7I46A9OJ"
"FOX_2013_04_16_4.txt,3A520CCNWNVP4NSS5KHH7XOO6NDAEO"
"FOX_2013_04_16_5.txt,3ZQA3IO31BMFMQSH3FRK18PZ6UOO1R"
"FOX_2013_04_16_7.txt,34KYK9TV2R3VXG22CT1IRPC9PU4SBV"
"FOX_2013_04_16_9.txt,3LN3BXKGC0QKVERMCK3XPP6RBLLWGQ"
"FOX_2013_04_17_10.txt,3NCN4N1H1GCYH3AX4XKWSV232XZNBL"
"FOX_2013_04_17_11.txt,3ZQX1VYFTD0XXQC2200ZGIC7K0WO8D"
"FOX_2013_04_17_2.txt,3OCZWXS7ZO264NQ3RAD4CHYMN6S5LF"
"FOX_2013_04_17_4.txt,33KMQD9OFJ9MC6FKB9RRRWUHJTB77I"
"FOX_2013_04_17_6.txt,37AQKJ12TXJW829Y1FXT1OEHXLYTTT"
"FOX_2013_04_17_8.txt,3MJ28H2Y1E3EA8T042TW4Y2GIBX5OW"
"FOX_2013_04_18_10.txt,3IZPORCT1F4TNE5BXWB9NQABY66RH4"
"FOX_2013_04_18_13.txt,30U1YOGZGAROCD0MQPSOMF09SHYSDO"
"FOX_2013_04_18_14.txt,3VP28W7DUNFIB90WCNHM680XR9ZFZC"
"FOX_2013_04_18_15.txt,33QQ60S6ASDAS6RW3IZTM9YEJO8U09"
"FOX_2013_04_18_4.txt,3MQKOF1EE2JHJUHVAU2PJ43UYTSWD3"
"FOX_2013_04_18_9.txt,3L4YG5VW9NNIAOH4TZXZRGE9REODDF"
"FOX_2013_04_19_11.txt,36FQTHX3Z3MRDZHNME0HJH4XXHFB32"
"FOX_2013_04_19_13.txt,3O4VWC1GEW1XVIFZA6DYH5NA5KV3JI"
"FOX_2013_04_19_17.txt,341YLJU21IUCFPZAOOETMU3IMS7I2D"
"FOX_2013_04_19_20.txt,306996CF6WFV3W38ZAMYVOP0ZX1B1A"
"FOX_2013_04_19_22.txt,3GITHABACYG4TQA1L4RLR2ZZ8T52NL"
"FOX_2013_04_19_23.txt,3JYPJ2TAYI3OX5YQPEJKFAYJHASFPR"
"FOX_2013_04_19_24.txt,3NCN4N1H1GCYH3AX4XKWSV232XENB0"
"FOX_2013_04_19_26.txt,39AYGO6AFFFSBRT2863OHFGBOWON60"
"FOX_2013_04_19_28.txt,3HJ1EVZS2OEET6YCIBM7JW91F3I3R7"
"FOX_2013_04_19_29.txt,391JB9X4ZY3TSOTRY9IPEJWTK3GMKQ"
"FOX_2013_04_19_30.txt,3LCXHSGDLT1T4JEMMK38SXIUSTZSEH"
"FOX_2013_04_19_33.txt,3HFWPF5AK9EQULYPX0MC96EX1513SV"
"FOX_2013_04_19_35.txt,3CVBMEMMXBBJ5VLWOID3I9JBXXIH77"
"FOX_2013_04_19_36.txt,3N7PQ0KLI5KPK2T7W527KPAI0ETE36"
"FOX_2013_04_19_5.txt,3CO05SML7V0ICEZFZO4OHYBUCP50RC"
"FOX_2013_04_19_7.txt,3QTFNPMJC6DUZ1DDAB0ZED96T23ZNP"
"FOX_2013_04_19_9.txt,31MCUE39BKHN4GPY20SVKSVUDU8G3P"
"FOX_2013_04_20_11.txt,3DWGDA5POFZACA1E4RDYW0J72PH1V6"
"FOX_2013_04_20_16.txt,3421H3BM9ACJAK4FRFE88IQW5EYJ9C"
"FOX_2013_04_20_3.txt,35O6H0UNLSB09X23OP1RW2LUJIFJ5L"
"FOX_2013_04_20_7.txt,3GMLHYZ0LES7P1NHBQA2E1SYV3HYUC"
"FOX_2013_04_20_8.txt,33N1S8XHHMGRLU6O5O21H6W3Q0MZ13"
"FOX_2013_06_09_10.txt,3H5TOKO3D9E6PJJWQ1OSI6ABXFW46P"
"FOX_2013_06_09_12.txt,36BTXXLZ2V3ZB2HGIPRQT117T2GR4G"
"FOX_2013_06_09_2.txt,3LN3BXKGC0QKVERMCK3XPP6RBMXWG4"
"FOX_2013_06_09_3.txt,3566S7OX5DE81K0IMTAIQM34G6D17F"
"FOX_2013_06_09_5.txt,3QREJ3J433S9M6B6YXHAE6H4KW8KL0"
"FOX_2013_06_09_9.txt,3GV1I4SEO9K2NRQHWTN94NCMJ1Y6LR"
"FOX_2013_06_10_3.txt,3K1H3NEY7LULM8RVVPY7X1H646PDGA"
"FOX_2013_06_10_4.txt,33Q5P9PUSPHB8XGMLLRLY2FUUW9ZCN"
"FOX_2013_06_10_4.txt,3SA4EMRVJVXX01J0MW0ZC3BFB85P0Z"
"FOX_2013_06_10_4.txt,3VLL1PIENQJCHMDPBQ0CT29BJASOZ9"
"FOX_2013_06_10_5.txt,31MBOZ6PAOMR38ZI6K0CQN4WFNECLU"
"FOX_2013_06_10_5.txt,39HYCOOPKOGLEINH6SW2A6130SAMD0"
"FOX_2013_06_11_2.txt,3N3WJQXELSLE5Q7G9RB6EAVA3W12LB"
"FOX_2013_06_11_3.txt,3RKHNXPHGWRC5WY07B9B5TDNXN3UK6"
"FOX_2013_06_11_4.txt,3ULIZ0H1VA0TEGMZY0VLS2P8P0I150"
"FOX_2013_06_12_1.txt,3DA79LNS59QR9LB4M0R2JBAJ3NI3TL"
"FOX_2013_06_12_3.txt,3UAU495MIINVVNJF5314CAUWHRPUO0"
"FOX_2013_06_12_5.txt,3PMR2DOWOOWA6FJILIENQ0WB1KL459"
"FOX_2013_06_12_6.txt,3N5YJ55YXGYTYT55YJK0XKIXKFEAND"
"FOX_2013_06_13_1.txt,3MG8450X2O5DGNVGK3EJ1AZMRWLUPH"
"FOX_2013_06_13_2.txt,3CO05SML7V0ICEZFZO4OHYBUCQ0R00"
"FOX_2013_06_13_3.txt,3XH7ZM9YX2P088NSZKNHA9CNFUO9RO"
"FOX_2013_06_13_4.txt,351S7I5UG9R4ZM89SPXDQJLGA28NJ6"
"FOX_2013_06_13_5.txt,3D7VY91L65SSZLPXSW5WFGD3X7YMBT"
"FOX_2013_06_14_1.txt,36AZSFEYZ4VBP8J66O6N2CWGO0ABVZ"
"FOX_2013_06_14_2.txt,30QQTY5GMKFOAHRGOHK21O81R317UB"
"FOX_2013_06_14_3.txt,307FVKVSYRAPTJX19BTKOKA7SQG47O"
"FOX_2013_08_22_1.txt,3NZ1E5QA6ZWURE4R0XOAYE2HB3W5BS"
"FOX_2013_08_22_2.txt,33KGGVH24UC2GZ6946EGKLGSIPQ1XO"
"FOX_2013_08_23_1.txt,3QGTX7BCHPXQ9C776B4DKW9K26IZ5S"
"FOX_2013_08_23_2.txt,39HYCOOPKOGLEINH6SW2A6130I9MDF"
"FOX_2013_08_23_3.txt,3ICOHX7ENC6T3AUADIKOIRCBXSY0E2"
"FOX_2013_08_24_1.txt,30QQTY5GMKFOAHRGOHK21O81RU4U7J"
"FOX_2013_08_24_2.txt,3VMV5CHJZ8AS3XNSHFYM25ZS7J9TGN"
"FOX_2013_08_24_3.txt,32CXT5U14GYSAVWZYMC8FO4W2EAU86"
"FOX_2013_08_24_4.txt,3VMHWJRYHVBT6E0HB5T19NKMJZ9XFL"
"FOX_2013_08_24_5.txt,3OYHVNTV5TTHSRE3BPX26NLYFSMOKC"
"FOX_2013_08_24_6.txt,32CAVSKPCEKAZVCEZ13T0EHOO8YU1G"
"FOX_2013_08_25_1.txt,3MG8450X2O5DGNVGK3EJ1AZMRNFUPT"
"FOX_2013_08_25_2.txt,31J7RYECZLL7G5PKQNBS9RL5BHC1L0"
"FOX_2013_08_25_3.txt,3VI0PC2ZAYFNCRDAA8CRWHT0B11OX1"
"FOX_2013_08_25_4.txt,3IQ9O0AYW6U6ZOTN73YPNHC8MW1TIF"
"FOX_2013_08_25_5.txt,3XABXM4AJ100I2PIHDS35N77ZTAQ83"
"FOX_2013_08_25_6.txt,3OWZNK3RYLKHOGUAI5375XRTGECU2X"
"FOX_2013_08_26_1.txt,3087LXLJ6MBL9OU68T4U09XB9TD0FK"
"FOX_2013_08_26_2.txt,36U4VBVNQO8YS0BVXVI865Z1S6YRUF"
"FOX_2013_08_26_3.txt,31YWE12TE07GRLLBTMVPLV75LBQX7H"
"FOX_2013_08_26_4.txt,3XDJY5RK5SGRRU9XMJMVYCOR0S8U4T"
"FOX_2013_08_27_1.txt,3BJKPTD2QC7JSNW6XQSY19DZ9SRRTO"
"FOX_2013_08_27_2.txt,3IH9TRB0FBU5Q4HE5KEFHBTDUDC1IG"
"FOX_2013_08_27_3.txt,3IV1AEQ4DR8JWFL5MN8U8MVLLYIJ85"
"FOX_2013_08_27_4.txt,3ECKRY5B1QR2L02MDVN795DP7SNIZK"
"FOX_2013_08_27_5.txt,3S37Y8CWI8V4JYY2HJ1WG09OL7UW43"
"FOX_2017_04_04_1.txt,3QMELQS6Y56DQPLU1DK5QZLLPHMR6D"
"FOX_2017_04_04_2.txt,3ZRKL6Z1E8YROXADSFTWS0365YQSGO"
"FOX_2017_04_04_3.txt,3BKZLF990ZUFX8G0UHQX40V9S62YQA"
"FOX_2017_04_05_1.txt,3R15W654VDOVX991B217ASTDJR0LQ7"
"FOX_2017_04_05_2.txt,3LVTFB9DE5DFBHV00B4RX0O5NA8QG0"
"FOX_2017_04_05_3.txt,3Y7LTZE0YTH7URXM7CCLS8101LHZUC"
"FOX_2017_04_05_4.txt,3WYZV0QBFJ83TXO16375QXT140GBXE"
"FOX_2017_04_05_5.txt,3DW3BNF1GHDSNALZ3CMDBA6FGJ7V8G"
"FOX_2017_04_05_6.txt,3PN6H8C9R4LKCHES9P6X1F6360FDAF"
"FOX_2017_04_06_1.txt,39O0SQZVJN2WUPZZKNPXWDLHKTXR75"
"FOX_2017_04_06_10.txt,3W0KKJIARR4E7ZRN488691VY0LCK8V"
"FOX_2017_04_06_11.txt,3TUOHPJXYHSVH0MC1U31DB6ME1YWXF"
"FOX_2017_04_06_12.txt,3QX22DUVOOC78ZN3XDWWGS7A0PMVMW"
"FOX_2017_04_06_2.txt,3TFJJUELSHKL2MDAWEI7BR5N9DT2CH"
"FOX_2017_04_06_3.txt,3B9J25CZ258E7LU8QTXD29IR76YSCE"
"FOX_2017_04_06_4.txt,3P6ENY9P79RGUF2S79H09Y9KB1RIHD"
"FOX_2017_04_06_5.txt,3Y3CZJSZ9KOH7LLGWUA0YT7LTOKR5A"
"FOX_2017_04_06_7.txt,3G4VVJO6PZBZDRQ4QPAHVNQOPVCPKK"
"FOX_2017_04_06_8.txt,3A3KKYU7P3CKNON8NN1S2UQO7X5WMM"
"FOX_2017_04_06_9.txt,3P4C70TRMRC4KKFN86WVGEPBD4LLG6"
"FOX_2017_04_07_10.txt,3OKP4QVBP2SNO1OJBF757090JS0AGR"
"FOX_2017_04_07_11.txt,39HYCOOPKOGLEINH6SW2A6130IKDMH"
"FOX_2017_04_07_12.txt,3QQUBC64ZE95U6DY9TCEHSTVLQ4XN1"
"FOX_2017_04_07_13.txt,3P7RGTLO6E8SQNK216SK5S1TQ9GKA3"
"FOX_2017_04_07_14.txt,3MDWE879UHXDS1633N1RAU7JXY19B7"
"FOX_2017_04_07_15.txt,30Z7M1Q8UYF8VMI1SHVHFNS2V9N8A9"
"FOX_2017_04_07_16.txt,3UL5XDRDNCEBPG6KXL407CCG3WW58C"
"FOX_2017_04_07_17.txt,3WJGKMRWVI485WBQT32O7AWR630DCH"
"FOX_2017_04_07_18.txt,3N5YJ55YXGYTYT55YJK0XKIXK5VNAN"
"FOX_2017_04_07_2.txt,3FBEFUUYRK0LR8ZDZ2YJV9WBPDZ6AL"
"FOX_2017_04_07_3.txt,386659BNTLCUJ90Y1UP9B7TH8IG104"
"FOX_2017_04_07_4.txt,3GITHABACYG4TQA1L4RLR2ZZ8H72NZ"
"FOX_2017_04_07_5.txt,3P520RYKCH19NDDX0O5534U50M15U3"
"FOX_2017_04_07_6.txt,3VLL1PIENQJCHMDPBQ0CT29BJ0BOZ8"
"FOX_2017_04_07_7.txt,3FO95NVK5CVIDNJR8QN8R4HD78RSRC"
"FOX_2017_04_07_8.txt,3XT3KXP24ZT0XQIBBQQWC7KU2MYI6X"
"FOX_2017_04_07_9.txt,3S37Y8CWI8V4JYY2HJ1WG09OL7OW4X"
"FOX_2017_04_07_9.txt,3SA4EMRVJVXX01J0MW0ZC3BFBYOP0Y"
"FOX_2017_04_07_9.txt,3WGCNLZJKF3OIT1SD6D4QED027P1DX"
"FOX_2017_04_08_1.txt,36MUZ9VAE6XN2UV4PU8JXYWURFDDEA"
"FOX_2017_04_08_2.txt,3INZSNUD80L67Y4NHJSX5KVJ0IY9DX"
"FOX_2017_04_08_3.txt,3I4E7AFQ2KU2UZDTPLJPZIR8Z83TJY"
"FOX_2017_04_08_4.txt,3B286OTISECXF3EKJLS84D1GBK9JAW"
"FOX_2017_04_08_5.txt,3SD15I2WD2PL7N0SQNJ981I5J4S63C"
"FOX_2017_04_09_1.txt,3LCXHSGDLT1T4JEMMK38SXIUSIRES9"
"FOX_2017_04_09_2.txt,3NSCTNUR2ZIP84ZZUJOE33IBTJ65AO"
"FOX_2017_04_09_3.txt,3IKDQS3DQEVPD7RCLH3ZY7C4Y88ICO"
"FOX_2017_04_09_4.txt,3ZCC2DXSD7ZO6A7MLR7RHMYBRFFYY9"
"FOX_2017_04_09_5.txt,30P8I9JKOIG90S2X5EFAZQWOEUWV56"
"FOX_2017_04_09_6.txt,3D3B8GE892MFWV7DMSJS5EC8E119PB"
"FOX_2017_04_09_7.txt,3UDTAB6HH6UC8E3T5742QDB06U490L"
"FOX_2017_05_12_1.txt,341H3G5YF09RE5L695Y131DTKOB0ZR"
"FOX_2017_05_13_1.txt,3UQVX1UPFSC18UIUKYPNGQ3MZG702G"
"FOX_2017_05_13_2.txt,3JUDR1D0D6MPWNNT1WJ2VWU4CK9Q28"
"FOX_2017_05_14_1.txt,3NZ1E5QA6ZWURE4R0XOAYE2HAUY5BB"
"FOX_2017_05_14_2.txt,3UOMW19E6D1D1JWXEXK59Y8ZSFZC5Q"
"FOX_2017_05_15_1.txt,3H781YYV6TDUJJR1BK8Y22EGTW5ETN"
"FOX_2017_05_16_1.txt,3SR6AEG6W5O2KFHXBR33VM380F2HYK"
"FOX_2017_05_16_2.txt,34KYK9TV2R3VXG22CT1IRPC9OH7SB7"
"FOX_2017_05_16_3.txt,36MUZ9VAE6XN2UV4PU8JXYWUQB6DEU"
"FOX_2017_05_16_4.txt,3B9J25CZ258E7LU8QTXD29IR627SCE"
"FOX_2017_09_20_1.txt,3OLZC0DJ8JALCGXCCYY4OZ0TJCAVIG"
"FOX_2017_09_20_10.txt,3S37Y8CWI8V4JYY2HJ1WG09OL4P4W0"
"FOX_2017_09_20_11.txt,3FO95NVK5CVIDNJR8QN8R4HD76ERSU"
"FOX_2017_09_20_2.txt,3K1H3NEY7LULM8RVVPY7X1H64UTDGQ"
"FOX_2017_09_20_3.txt,3B9XR6P1WEQ2YDJCPZS4ZOLMTZQJBH"
"FOX_2017_09_20_4.txt,33NKDW9FFXDM32G7K3301HZJMILXC6"
"FOX_2017_09_20_5.txt,31J7RYECZLL7G5PKQNBS9RL5BEE1LW"
"FOX_2017_09_20_6.txt,3VLL1PIENQJCHMDPBQ0CT29BJYVZOZ"
"FOX_2017_09_20_7.txt,3MVY4USGB6I5KOG8I3TZDCGMK8PIS7"
"FOX_2017_09_20_8.txt,3HO4MYYR12J56HDB57FAVA85WGN6UT"
"FOX_2017_09_20_9.txt,3X4Q1O9UBHHTXC7JSV8T2IGC93Q7OJ"
"FOX_2017_09_21_1.txt,3E9VAUV7BW9NAS9J5LTBE0G4NKGYAU"
"FOX_2017_09_21_2.txt,3SBNLSTU6U0LDPM0LHMWI8XCFIWZD6"
"FOX_2017_09_21_3.txt,386659BNTLCUJ90Y1UP9B7TH8ES017"
"FOX_2017_09_21_4.txt,3WRAAIUSBJUYANJ90P79VM9VMFZAXG"
"FOX_2017_09_22_1.txt,3IZVJEBJ6AFMSG7LBUEIC2NKXVZ6Z8"
"FOX_2017_09_22_2.txt,3K2CEDRACBWSV7JESIWHFAJP2ZTMTJ"
"FOX_2017_09_23_1.txt,3UUIU9GZC50UN0Y80JFVY883G41T5Y"
"FOX_2017_09_23_2.txt,3VMHWJRYHVBT6E0HB5T19NKMJVRXFV"
"FOX_2017_09_24_1.txt,3FBEFUUYRK0LR8ZDZ2YJV9WBPBHA63"
"FOX_2017_09_24_2.txt,391FPZIE4CHL36XS1Q6ES1XV5S8HU6"
"FOX_2017_09_25_1.txt,3UEDKCTP9VLA7LM4U3G0V1Z3PYT7KC"
"FOX_2017_09_25_2.txt,3WUVMVA7OBYNFIJO17VUS7P6UGOZAV"
"FOX_2017_09_25_3.txt,3ZQA3IO31BMFMQSH3FRK18PZ6HR1OH"
"FOX_2017_09_25_4.txt,3M67TQBQQHJ89R1BX91VFJNDFDK9AA"
"FOX_2017_10_03_1.txt,3UUSLRKAULY2TFGU2MUDRO4D5Z57DS"
"FOX_2017_10_03_2.txt,33TGB4G0LPC3PJII6PYQQRZNAFJXT9"
"FOX_2017_10_03_3.txt,3LG268AV381H34E97V332NDY6IARE4"
"FOX_2017_10_03_4.txt,3H1C3QRA01EDX2PQPYD8DSEC6NDCE1"
"FOX_2017_10_03_5.txt,3M0556243SFOUKMD9Z6SBLTOHRQNFU"
"FOX_2017_10_03_6.txt,341H3G5YF09RE5L695Y131DTL1E0ZL"
"FOX_2017_10_03_7.txt,351S7I5UG9R4ZM89SPXDQJLGAY8NJY"
"FOX_2017_10_03_8.txt,3EQPA8A374RYGBMSVD87L6SPKB0JZT"
"FOX_2017_10_03_9.txt,32LAQ1JNT9KB8FON1KN36K0JGX9TUK"
"FOX_2017_10_04_1.txt,3VGET1QSZ0U12LGLJHZ3JCTYCH27WW"
"FOX_2017_10_04_10.txt,3OID399FXG2F88V0K5SPFGHU3PMDF4"
"FOX_2017_10_04_11.txt,3HFWPF5AK9EQULYPX0MC96EX1Y1S36"
"FOX_2017_10_04_12.txt,3L55D8AUFASB376HPZP2KV6SOZKYC4"
"FOX_2017_10_04_13.txt,3NQUW096N63P5ASFU0QLOX3O9XG9L5"
"FOX_2017_10_04_14.txt,3XBXDSS888EF66ADXGWZ40P6G3BXLM"
"FOX_2017_10_04_15.txt,3PEG1BH7AEMX9XPU7KSG03LZ8Z9KBM"
"FOX_2017_10_04_16.txt,3UUSLRKAULY2TFGU2MUDRO4D51WD7T"
"FOX_2017_10_04_17.txt,3L2OEKSTW959R4G48N9XI9A9Y5M8YP"
"FOX_2017_10_04_18.txt,3O4VWC1GEW1XVIFZA6DYH5NA5K83JV"
"FOX_2017_10_04_19.txt,3B9XR6P1WEQ2YDJCPZS4ZOLMTCKJB1"
"FOX_2017_10_04_2.txt,37G6BXQPLQGHR3Z9UGE3XX3TA29QEF"
"FOX_2017_10_04_20.txt,3FI30CQHVKEQAI455GYFQKGH739B6Q"
"FOX_2017_10_04_21.txt,38LRF35D5LR69YQTM5HCO7WLMVMU3O"
"FOX_2017_10_04_21.txt,3Y40HMYLL1DIPWX76UO0VNLPTTQXU0"
"FOX_2017_10_04_22.txt,3UDTAB6HH6UC8E3T5742QDB062A09Y"
"FOX_2017_10_04_23.txt,3ACRLU860N9UNXXKBYHD288UO1YBEC"
"FOX_2017_10_04_3.txt,3NOEP8XAU4X5XRPBP8P6LHYQLBNXPR"
"FOX_2017_10_04_4.txt,3WRAAIUSBJUYANJ90P79VM9VMRLAXQ"
"FOX_2017_10_04_5.txt,3XBXDSS888EF66ADXGWZ40P6G4DLXE"
"FOX_2017_10_04_6.txt,336OE47KI2F3DBHH1F2JPQ91YVQWVM"
"FOX_2017_10_04_7.txt,3B286OTISECXF3EKJLS84D1GBUZJA6"
"FOX_2017_10_04_8.txt,3OND0WXMHWA4EA06BQR9OJBSJE2EHU"
"FOX_2017_10_04_9.txt,31D0ZWOD0AUQDXDYXDI2M8MKCKS0AD"
"FOX_2017_10_05_1.txt,3TFJJUELSHKL2MDAWEI7BR5N9J82C8"
"FOX_2017_10_05_2.txt,33CLA8O0MI699IE526N9K5YYIMSRFV"
"FOX_2017_10_05_3.txt,3BFF0DJK8X7VT2WJCFS3RJIVVZ7STK"
"FOX_2017_10_05_4.txt,3QXFBUZ4ZKB73A2HHKOW71LUQ2KGUF"
"FOX_2017_10_05_5.txt,32L724R85LF87W0GQMP5I7BBXYJPIJ"
"FOX_2017_10_05_6.txt,3R16PJFTS3MDOY4LS5ITSPFTY4FK4X"
"FOX_2017_10_05_7.txt,309D674SHZGFQZD6F7BICK8R3Q0CB1"
"FOX_2017_10_05_8.txt,3BJKPTD2QC7JSNW6XQSY19DZ9Y5TRG"
"FOX_2017_10_06_1.txt,3HXK2V1N4KAYJYTFY0EQ1IQ27932GH"
"FOX_2017_10_06_2.txt,35JDMRECC44QEE5VRK9R3JZR4EPEGV"
"FOX_2017_10_06_3.txt,38B7Q9C28G07MPP87WKJZELRJ1B69C"
"FOX_2017_10_06_4.txt,32204AGAAB72YOWXHLHXOMW4WUIHGF"
"NBC_2013_04_15_1.txt,3S4TINXCC0IGZOA95CK97K28R5HOB9"
"NBC_2013_04_15_2.txt,3LVTFB9DE5DFBHV00B4RX0O5MN3QGK"
"NBC_2013_04_15_3.txt,360ZO6N6J1E9BSA0UCR0OAID89MM9D"
"NBC_2013_04_15_4.txt,33P2GD6NRNN70ASG7C2CMEOX2IYHKU"
"NBC_2013_04_15_5.txt,31S7M7DAGGL8PP1TS6V2FX402C7TLS"
"NBC_2013_04_15_6.txt,371Q3BEXDH4RFE5II7HLD7JCF61SZT"
"NBC_2013_04_15_7.txt,3B9XR6P1WEQ2YDJCPZS4ZOLMSLTJBR"
"NBC_2013_04_16_1.txt,39HYCOOPKOGLEINH6SW2A613Z1SDMQ"
"NBC_2013_04_16_2.txt,3MNJFORX8BZK4VG75ZA6H4T2QBT5FZ"
"NBC_2013_04_16_2.txt,3PKJ68EHDNRCPQMYPR20LZOKNZQJH1"
"NBC_2013_04_16_3.txt,3XDJY5RK5SGRRU9XMJMVYCORZA94U3"
"NBC_2013_04_16_4.txt,33J5JKFMK6TEH5JC5WX7E6ZWIP8Q30"
"NBC_2013_04_16_5.txt,368IUKXGA53SEC5FOLGGL4L6NKR6PY"
"NBC_2013_04_16_5.txt,3I6NF2WGIGRQIVC2GJGOZPTERQT5GY"
"NBC_2013_04_16_8.txt,31ANT7FQN8X4IR7D0PY6KP5F6Q65HX"
"NBC_2013_04_17_1.txt,3B9J25CZ258E7LU8QTXD29IR6OGSCV"
"NBC_2013_04_17_2.txt,3HY86PZXPYDTAZFS91OOWWVL11WE18"
"NBC_2013_04_17_3.txt,3N7PQ0KLI5KPK2T7W527KPAIZLN3E2"
"NBC_2013_04_17_4.txt,3PR3LXCWSFUK54948JT9ZRYBFJDX9R"
"NBC_2013_04_17_5.txt,3FO95NVK5CVIDNJR8QN8R4HD6QNRS6"
"NBC_2013_04_17_5.txt,3JTPR5MTZS7VKH8L6A13XHL7Y7A5K1"
"NBC_2013_04_17_6.txt,3511RHPADV9V9AO1OHQ7FI3IEXSLR1"
"NBC_2013_04_17_7.txt,3RQVKZ7ZRKEFQ5IE5XAWV5D98DJ72W"
"NBC_2013_04_18_1.txt,3K3G488TR23HVK6GJFL0T3XGWINQ58"
"NBC_2013_04_18_2.txt,3NSCTNUR2ZIP84ZZUJOE33IBS02A5M"
"NBC_2013_04_18_3.txt,3KWGG5KP6JXB9QH36W1RQ0JLFTRCML"
"NBC_2013_04_19_1.txt,3VQTAXTYN3GBCTU61YWI6QUXAUWUBQ"
"NBC_2013_04_19_11.txt,33KMQD9OFJ9MC6FKB9RRRWUHJT577C"
"NBC_2013_04_19_13.txt,3QO7EE372OIJK0NPKPCDWPX879QQBH"
"NBC_2013_04_19_15.txt,374UMBUHN5KFML7NFT23CEED91NCTM"
"NBC_2013_04_19_3.txt,3S1L4CQSFX0HA1SO0V1NPF9OIPUFAF"
"NBC_2013_04_19_6.txt,36818Z1KV38MUPCVG00LO6KRFZPA31"
"NBC_2013_04_19_8.txt,322ZSN9Z5GFCRHU8MEWLTG2PHO94T4"
"NBC_2013_04_20_1.txt,3ATYLI1PRTXMH78LT4XQ58LLZFPJOY"
"NBC_2013_04_20_1.txt,3DZKABX2ZI0UZDBCKO2IDW2Y6M3CV2"
"NBC_2013_04_20_2.txt,359AP8GAGGFSONAG2QZ27IMVJ70C7J"
"NBC_2013_04_20_3.txt,3OJX0UFJ0Z2SO0F93EIMFKZ7LYAU94"
"NBC_2013_04_20_4.txt,3NSCTNUR2ZIP84ZZUJOE33IBTVGA5R"
"NBC_2013_04_20_7.txt,30Z7M1Q8UYF8VMI1SHVHFNS2VLHA8T"
"NBC_2013_05_19_1.txt,3XUY87HIVP9OICTUJLV5TWOX858MML"
"NBC_2013_05_19_2.txt,3IVKZBIBJ045OT5OCLBED0F7J8ZSH2"
"NBC_2013_05_19_3.txt,3W0XM68YZPQWWZ725NZRUR8QLPTK1H"
"NBC_2013_05_19_4.txt,382GHPVPHSM7S0WE7ZQUB3YRMNK436"
"NBC_2013_05_19_5.txt,3ZQX1VYFTD0XXQC2200ZGIC7J178O9"
"NBC_2013_05_20_1.txt,3FI30CQHVKEQAI455GYFQKGH6HOB6W"
"NBC_2013_05_20_10.txt,3H1C3QRA01EDX2PQPYD8DSEC6SHCEF"
"NBC_2013_05_20_12.txt,3Y3N5A7N4G4OCTI82OJGNRB4IHAMY4"
"NBC_2013_05_20_13.txt,3KLL7H3EGDWLGLMS6GGJONZEJGRHV3"
"NBC_2013_05_20_14.txt,3VCK0Q0PO59XXG7N6HN78E6KBU5N04"
"NBC_2013_05_20_3.txt,3YO4AH2FPDFI0DKFM9FOC81PG5SQ0U"
"NBC_2013_05_20_5.txt,3P520RYKCH19NDDX0O5534U500RU5A"
"NBC_2013_05_20_6.txt,3X878VYTIEDZRZUQTSP3FO7YHJ7F7B"
"NBC_2013_05_20_7.txt,3NRZ1LDP7W1U2MPQQQDRI2E1TGPPZU"
"NBC_2013_05_21_10.txt,391FPZIE4CHL36XS1Q6ES1XV59IUHR"
"NBC_2013_05_21_12.txt,3EN4YVUOUCN9BGMDUVKMOLCECHLXJ5"
"NBC_2013_05_21_15.txt,3UAU495MIINVVNJF5314CAUWHTEUOT"
"NBC_2013_05_21_3.txt,3SBX2M1TKDIZZ12G5A2QOBR2XH8Q4A"
"NBC_2013_05_21_5.txt,36JW4WBR06FWKO0261BF61WSVM3FHD"
"NBC_2013_05_21_8.txt,3UY4PIS8QRGX45S520R7MJPUGMBN17"
"NBC_2013_05_22_1.txt,3DTJ4WT8BDAQ5V00HCXGOQFXE97ZE2"
"NBC_2013_05_22_2.txt,337F8MIIMZ8BB8XHOC8B950KJDW40B"
"NBC_2013_05_22_3.txt,3UV0D2KX1ME28CC7RURWCCNOPFM4FG"
"NBC_2013_05_22_4.txt,3QD8LUVX4XT14H7S5TGSNBT9TGWX5O"
"NBC_2013_05_23_1.txt,3LB1BGHFL2RSPO8SBLKS956WBORYTZ"
"NBC_2013_05_23_2.txt,3YO4AH2FPDFI0DKFM9FOC81PF4FQ0E"
"NBC_2013_05_23_3.txt,3IKDQS3DQEVPD7RCLH3ZY7C4XKNICQ"
"NBC_2013_05_24_1.txt,3RWB1RTQDJIFIQO3H0DE5IHXT828PT"
"NBC_2013_05_24_2.txt,3O2Y2UIUCQPNME1ACMECJTCKN37FKH"
"NBC_2013_05_24_3.txt,3WJGKMRWVI485WBQT32O7AWR6F1CD5"
"NBC_2013_05_24_4.txt,35NNO802AVR84BO3A7CDEI6GXQ4NIL"
"NBC_2013_05_24_5.txt,3TKXBROM5T5CLLXIV9KLLBPZO4IJIS"
"NBC_2013_06_09_1.txt,3M7OI89LVYJ9KNWBJGUA14MZORS6CG"
"NBC_2013_06_09_2.txt,3JTPR5MTZS7VKH8L6A13XHL7X8I5KA"
"NBC_2013_06_10_1.txt,3MYASTQBG76CZXL9YL3JRFL89VADQK"
"NBC_2013_06_10_2.txt,3O4VWC1GEW1XVIFZA6DYH5NA4OE3J8"
"NBC_2013_06_10_3.txt,34R3P23QHSWYVAMXWQLFAPISPSYHWN"
"NBC_2013_06_10_4.txt,3VJ4PFXFJ326TJPEVKWMBFARRH5AUE"
"NBC_2013_06_11_1.txt,3R6RZGK0XF772GCHGGK7ANUH8G8YVU"
"NBC_2013_06_11_2.txt,3UUSLRKAULY2TFGU2MUDRO4D4AAD7O"
"NBC_2013_06_13_1.txt,3Q2T3FD0ON3NWQLKD3QQXXFR8LZM3R"
"NBC_2013_08_22_1.txt,371DNNCG44XDAIHAYHMYASIUIIET8O"
"NBC_2013_08_22_2.txt,30IRMPJWDZEKP46J3HE60IQ3PYWRKF"
"NBC_2013_08_23_1.txt,3RTFSSG7T810H65NNB0D2HBZ6DJLWI"
"NBC_2013_08_23_2.txt,3XU9MCX6VO7P8O2TEB820M498YIR21"
"NBC_2013_08_23_3.txt,3V7ICJJAZABCVV0RMS50TMW3AQG4B2"
"NBC_2013_08_24_1.txt,3RZS0FBRWK5HUTEGYCTJ74DGJ7ECPA"
"NBC_2013_08_24_2.txt,3EQPA8A374RYGBMSVD87L6SPJRWJZK"
"NBC_2013_08_26_1.txt,30P8I9JKOIG90S2X5EFAZQWODFVV5A"
"NBC_2013_08_26_2.txt,3L55D8AUFASB376HPZP2KV6SNDVYC6"
"NBC_2013_08_26_3.txt,3VGET1QSZ0U12LGLJHZ3JCTYBWS7WF"
"NBC_2013_08_26_4.txt,3OCZWXS7ZO264NQ3RAD4CHYMMJE5LQ"
"NBC_2013_08_26_5.txt,3X52SWXE0X07E2BHAY7EZYLCC86WCM"
"NBC_2017_04_04_1.txt,3EGKVCRQFWNST2EBBZT79B0A5V7YBH"
"NBC_2017_04_04_2.txt,38F60IALAGCVSTC73D9JHDCCZRK0T4"
"NBC_2017_04_05_1.txt,3L2OEKSTW959R4G48N9XI9A9XPO8YU"
"NBC_2017_04_05_2.txt,3KLL7H3EGDWLGLMS6GGJONZEIUVVHC"
"NBC_2017_04_06_1.txt,3NQUW096N63P5ASFU0QLOX3O8JZ9LV"
"NBC_2017_04_06_2.txt,37VHPF5VYCYWO1FZCVR8LIIQU46C8W"
"NBC_2017_04_07_1.txt,3I01FDIL6M3V7EJOWADIVXN5T5HD2N"
"NBC_2017_04_07_2.txt,311HQEI8RSB5WGLQU4JAIGNGS3FZ7Q"
"NBC_2017_04_07_3.txt,3WGZLY9VCHH6TTLDCRMJ5O08F5C8DO"
"NBC_2017_04_08_1.txt,3NZ1E5QA6ZWURE4R0XOAYE2HATXB5E"
"NBC_2017_04_08_2.txt,3W0XM68YZPQWWZ725NZRUR8QL721K7"
"NBC_2017_04_08_3.txt,3WRBLBQ2GR3RNOQ1JDACIUXN9YI0G3"
"NBC_2017_04_09_1.txt,363A7XIFV4H66YEE0A6R71CA5Z6AVH"
"NBC_2017_04_09_2.txt,3I4E7AFQ2KU2UZDTPLJPZIR8Y1KTJ0"
"NBC_2017_05_12_1.txt,3LB1BGHFL2RSPO8SBLKS956WB5TYTZ"
"NBC_2017_05_12_2.txt,3GVPRXWRPHPJ1QWGU0VOILKQWPGI7D"
"NBC_2017_05_15_1.txt,3DQYSJDTYL61000LGU9VR5ZM6STEX6"
"NBC_2017_05_15_2.txt,3DTJ4WT8BDAQ5V00HCXGOQFXEQVZEO"
"NBC_2017_09_20_1.txt,3OJX0UFJ0Z2SO0F93EIMFKZ7LES9UX"
"NBC_2017_09_20_2.txt,3WJGKMRWVI485WBQT32O7AWR621DCG"
"NBC_2017_09_20_3.txt,3K8CQCU3KEWQ5688ZOGSF9FOCLJWNM"
"NBC_2017_09_20_4.txt,34R0BODSP1USYHGBAOQ0ZM82EXIE54"
"NBC_2017_09_21_1.txt,372AGES0I40Q945Q20TVQCY5MKHRX1"
"NBC_2017_09_21_1.txt,3ZXNP4Z39RGLRR4MF3S1A1CIDX97LN"
"NBC_2017_09_21_2.txt,39O0SQZVJN2WUPZZKNPXWDLHKQA7RS"
"NBC_2017_09_21_3.txt,3T2HW4QDUV2W26Y9HNXMLED1FFEC9M"
"NBC_2017_09_22_1.txt,3L4YG5VW9NNIAOH4TZXZRGE9QZBDD7"
"NBC_2017_09_22_2.txt,39AYGO6AFFFSBRT2863OHFGBOIIN62"
"NBC_2017_09_22_3.txt,3OID399FXG2F88V0K5SPFGHU3D0DFU"
"NBC_2017_09_23_1.txt,379OL9DBSS9959ZEDFFBI55KI3R9YM"
"NBC_2017_09_23_2.txt,33P2GD6NRNN70ASG7C2CMEOX203HKZ"
"NBC_2017_09_23_3.txt,3AXFSPQOYQTSBUVSU1E0IEC78XXFJA"
"NBC_2017_09_24_1.txt,3UV0D2KX1ME28CC7RURWCCNOPZ14FZ"
"NBC_2017_09_24_2.txt,3IVKZBIBJ045OT5OCLBED0F7KV1SHF"
"NBC_2017_09_25_1.txt,3L7SUC0TTUPRFYMNUG87VZHK6PK0MC"
"NBC_2017_09_25_2.txt,302OLP89DZ2A7P8E9TBMH9OLLYNCAU"
"NBC_2017_09_25_3.txt,378G7J1SJLTMB0VV6PD9PMLFYSDWEQ"
"NBC_2017_09_25_4.txt,3O0M2G5VC6XT72LUO8R42G1DN3749D"
"NBC_2017_10_02_1.txt,39KV3A5D1828V4ZCZCP2MNQD6467SH"
"NBC_2017_10_02_10.txt,3X4Q1O9UBHHTXC7JSV8T2IGC9EUO7Q"
"NBC_2017_10_02_11.txt,3OJX0UFJ0Z2SO0F93EIMFKZ7MPO9UG"
"NBC_2017_10_02_12.txt,372AGES0I40Q945Q20TVQCY5MUMXRW"
"NBC_2017_10_02_13.txt,3NCN4N1H1GCYH3AX4XKWSV232TYNBC"
"NBC_2017_10_02_14.txt,31N9JPQXIPD88GDJ4PUSE651X7JHN4"
"NBC_2017_10_02_2.txt,3L60IFZKF3DGYKR81RZF9M85BUVHHE"
"NBC_2017_10_02_3.txt,3NCN4N1H1GCYH3AX4XKWSV232VNNB5"
"NBC_2017_10_02_4.txt,3LOJFQ4BOXAQOUNELGJMVT9ZBKGDKH"
"NBC_2017_10_02_5.txt,3J94SKDEKIKN6B2BETFGT4QHERFD5K"
"NBC_2017_10_02_6.txt,3UUSLRKAULY2TFGU2MUDRO4D51V7DM"
"NBC_2017_10_02_7.txt,3P6ENY9P79RGUF2S79H09Y9KB6UHIP"
"NBC_2017_10_02_8.txt,3VMV5CHJZ8AS3XNSHFYM25ZS7ODGTO"
"NBC_2017_10_02_9.txt,3DFYDSXB2WVHUCSIPQ9Z4EDAIS3UJV"
"NBC_2017_10_03_1.txt,3FCO4VKOZ487LLUUYH5XX6MY5CH7EY"
"NBC_2017_10_03_2.txt,3I7SHAD35MR5X9M7FFTGAER7EDX7MA"
"NBC_2017_10_03_3.txt,3S37Y8CWI8V4JYY2HJ1WG09OLE3W4Q"
"NBC_2017_10_03_4.txt,3M0556243SFOUKMD9Z6SBLTOHRRNFV"
"NBC_2017_10_03_6.txt,3YD0MU1NC2W4V8DIIC3B1NW7KXOA7B"
"NBC_2017_10_03_7.txt,356TQKY9XFSQCKK3LEJX5WQCU7T785"
"NBC_2017_10_03_8.txt,3N3WJQXELSLE5Q7G9RB6EAVA3UB2LH"
"NBC_2017_10_04_1.txt,3NSCTNUR2ZIP84ZZUJOE33IBTRTA5W"
"NBC_2017_10_04_10.txt,3R0WOCG21M44RQSQFUNO1GIXD8GUDR"
"NBC_2017_10_04_2.txt,3UXQ63NLAAH8T37CSK4HF3YEXW3BLZ"
"NBC_2017_10_04_3.txt,3TKSOBLOHLBWGUL017FN1029L4LBBC"
"NBC_2017_10_04_4.txt,344M16OZKIAWO6MHEOMMT38O5QBEN3"
"NBC_2017_10_04_5.txt,3L2OEKSTW959R4G48N9XI9A9Y8ZY8Y"
"NBC_2017_10_04_6.txt,3NRZ1LDP7W1U2MPQQQDRI2E1TBMPZH"
"NBC_2017_10_04_7.txt,39WICJI5ATNNVXK3SSGK5ZB0ODWZ3D"
"NBC_2017_10_04_8.txt,33IXYHIZB5D0ZKXOS5O21F5QUVL2E1"
"NBC_2017_10_04_9.txt,3SV8KD29L4NTRVSADY8JMLS2Z1FKZA"
"NBC_2017_10_05_1.txt,39RRBHZ0AUW776MMC2MQOU3JFZLZVA"
"NBC_2017_10_05_2.txt,33CLA8O0MI699IE526N9K5YYIOFFRA"
"NBC_2017_10_05_3.txt,3UAU495MIINVVNJF5314CAUWHMDOU8"
"NBC_2017_10_05_4.txt,3PMR2DOWOOWA6FJILIENQ0WB1GI54Z"
"NBC_2017_10_06_1.txt,34ZTTGSNJXJTBDQBKHM9I0062FTHQ8"
"NBC_2017_10_06_2.txt,34KYK9TV2R3VXG22CT1IRPC9PQBBSD"
